{"cameraMode":{"drawMode":0,"name":"Shaded","section":"Shading Mode"},"sceneLighting":true,"audioPlay":false,"sceneViewState":{"showFog":true,"showMaterialUpdate":false,"showSkybox":true,"showFlares":true,"showImageEffects":true,"showParticleSystems":true},"in2DMode":false,"pivot":{"x":22.97470474243164,"y":-1.2645549774169922,"z":6.903844833374023},"rotation":{"x":-0.3095007836818695,"y":-0.06097935885190964,"z":0.01989329420030117,"w":-0.9487334489822388},"size":44.70713806152344,"orthographic":false}