{"cameraMode":{"drawMode":0,"name":"Shaded","section":"Shading Mode"},"sceneLighting":false,"audioPlay":false,"sceneViewState":{"showFog":true,"showMaterialUpdate":false,"showSkybox":true,"showFlares":true,"showImageEffects":true,"showParticleSystems":true},"in2DMode":false,"pivot":{"x":0.04505443572998047,"y":0.12583065032958985,"z":20.089107513427736},"rotation":{"x":-0.2451731413602829,"y":-0.4480200409889221,"z":0.12922991812229157,"w":-0.8499810695648193},"size":84.61491394042969,"orthographic":false}